{
  "train_loss": [
    1.654844045639038,
    1.3759294748306274,
    1.2753591537475586,
    1.213956594467163,
    1.1680870056152344,
    1.1273221969604492,
    1.0948387384414673,
    1.067286491394043,
    1.0440056324005127,
    1.022109031677246,
    1.0012024641036987,
    0.9842653274536133,
    0.9672837853431702,
    0.9540757536888123,
    0.9385078549385071,
    0.9258629083633423,
    0.9158496856689453,
    0.9049579501152039,
    0.8940901756286621,
    0.8857062458992004,
    0.8755716681480408,
    0.8680443167686462,
    0.8601484894752502,
    0.8527795076370239,
    0.8461560606956482,
    0.8404045701026917,
    0.8339670896530151,
    0.8287927508354187,
    0.8235841393470764,
    0.8188132047653198
  ],
  "train_acc": [
    0.3916402116402116,
    0.5151851851851852,
    0.5576190476190476,
    0.5834391534391534,
    0.6021164021164022,
    0.6206878306878307,
    0.6346031746031746,
    0.6478306878306879,
    0.6570370370370371,
    0.6634391534391534,
    0.6732275132275132,
    0.6824338624338624,
    0.6903174603174603,
    0.6913756613756614,
    0.7016931216931217,
    0.7064021164021164,
    0.7093121693121693,
    0.7146031746031746,
    0.7197883597883598,
    0.7229629629629629,
    0.7277248677248678,
    0.7294708994708995,
    0.7339682539682539,
    0.736984126984127,
    0.7386243386243386,
    0.7427513227513227,
    0.7435978835978836,
    0.7470899470899471,
    0.7479365079365079,
    0.75010582010582
  ],
  "val_loss": [
    1.5388189554214478,
    1.3670756816864014,
    1.3109532594680786,
    1.3030415773391724,
    1.2482577562332153,
    1.2388755083084106,
    1.2262943983078003,
    1.2027252912521362,
    1.1955223083496094,
    1.1893761157989502,
    1.1734849214553833,
    1.1788239479064941,
    1.1708160638809204,
    1.1565437316894531,
    1.1481504440307617,
    1.15097177028656,
    1.141801118850708,
    1.1386016607284546,
    1.1352773904800415,
    1.134096384048462,
    1.1294474601745605,
    1.127015471458435,
    1.1313279867172241,
    1.1246252059936523,
    1.123033046722412,
    1.1190532445907593,
    1.117405891418457,
    1.1174983978271484,
    1.1137443780899048,
    1.1160141229629517
  ],
  "val_acc": [
    0.4325925925925926,
    0.5185185185185185,
    0.5503703703703704,
    0.548641975308642,
    0.5639506172839506,
    0.5703703703703704,
    0.568395061728395,
    0.5804938271604938,
    0.5824691358024692,
    0.5866666666666667,
    0.5955555555555555,
    0.5871604938271605,
    0.5950617283950618,
    0.5987654320987654,
    0.6024691358024692,
    0.600246913580247,
    0.6,
    0.6,
    0.6041975308641976,
    0.6046913580246913,
    0.608641975308642,
    0.6041975308641976,
    0.6024691358024692,
    0.6093827160493828,
    0.6061728395061728,
    0.6091358024691358,
    0.611358024691358,
    0.6081481481481481,
    0.6135802469135803,
    0.6096296296296296
  ],
  "lr": [
    0.005,
    0.00475,
    0.0045125,
    0.004286875,
    0.00407253125,
    0.003868904687499999,
    0.003675459453124999,
    0.003491686480468749,
    0.0033171021564453113,
    0.0031512470486230455,
    0.0029936846961918936,
    0.0028440004613822984,
    0.0027018004383131834,
    0.002566710416397524,
    0.0024383748955776477,
    0.002316456150798765,
    0.0022006333432588268,
    0.0020906016760958855,
    0.001986071592291091,
    0.0018867680126765363,
    0.0017924296120427094,
    0.001702808131440574,
    0.0016176677248685451,
    0.001536784338625118,
    0.001459945121693862,
    0.001386947865609169,
    0.0013176004723287101,
    0.0012517204487122746,
    0.0011891344262766608,
    0.0011296777049628279
  ]
}